{
  "tailwind.config.js": 1775913633.168844,
  "next.config.js": 1775913633.159991,
  "postcss.config.js": 1775913633.1602018,
  "src/types/index.ts": 1775913633.1686108,
  "src/utils/canvasExport.ts": 1775913633.1686854,
  "src/utils/constants.ts": 1775913633.1687434,
  "src/utils/imageCrop.ts": 1775913633.1687968,
  "src/components/PhototicketCanvas.tsx": 1775913633.168315,
  "src/pages/index.tsx": 1775913633.168472,
  "src/pages/_app.tsx": 1775913633.168388,
  "ASSETS.md": 1775913633.1595979,
  "PRD.md": 1775913633.159924,
  "DESIGN_SYSTEM.md": 1775913633.15978,
  "KOBIS_API.md": 1775913633.1598468,
  "CLAUDE.md": 1775913633.1597052,
  "public/assets/README.md": 1775913633.1602943,
  "public/assets/formats/4dx.png": 1775913633.160807,
  "public/assets/formats/ultra4dx.webp": 1775913633.162078,
  "public/assets/formats/sled.png": 1775913633.1618807,
  "public/assets/formats/dolby-cinema.png": 1775913633.161426,
  "public/assets/formats/lerecliner.png": 1775913633.1616683,
  "public/assets/formats/boutique.png": 1775913633.160936,
  "public/assets/formats/imax.svg": 1775913633.1615767,
  "public/assets/formats/chalotte.png": 1775913633.1611586,
  "public/assets/formats/dolby-va.png": 1775913633.1615255,
  "public/assets/formats/crazysoundled.svg": 1775913633.1612601,
  "public/assets/formats/4dx.svg": 1775913633.1608632,
  "public/assets/formats/dolby-atmos.png": 1775913633.1613364,
  "public/assets/formats/superplex.svg": 1775913633.1620345,
  "public/assets/formats/boutiquesuite.png": 1775913633.161112,
  "public/assets/formats/boutiqueprivate.png": 1775913633.1610336,
  "public/assets/formats/superled.svg": 1775913633.1619875,
  "public/assets/formats/smx4d.png": 1775913633.161933,
  "public/assets/formats/megaled.png": 1775913633.1617532,
  "public/assets/formats/crazysound.svg": 1775913633.1612062,
  "public/assets/formats/screenx.png": 1775913633.1618297,
  "public/assets/chains/lotte.png": 1775913633.1606383,
  "public/assets/chains/cineq.svg": 1775913633.160531,
  "public/assets/chains/cgv.png": 1775913633.1604698,
  "public/assets/chains/megabox.svg": 1775913633.1607044,
  "public/assets/\uba54\uac00\ubc15\uc2a4_BI/01_AI/Preview.jpg": 1775913633.1625526,
  "public/assets/\uba54\uac00\ubc15\uc2a4_BI/02_PNG/\uba54\uac00\ubc15\uc2a4_BI_wordmark_white.png": 1775913633.1670907,
  "public/assets/\uba54\uac00\ubc15\uc2a4_BI/02_PNG/\uba54\uac00\ubc15\uc2a4_BI_wordmark_\uc0c1\ud558\uc870\ud569_white.png": 1775913633.1676557,
  "public/assets/\uba54\uac00\ubc15\uc2a4_BI/02_PNG/\uba54\uac00\ubc15\uc2a4_BI_logotype_\ud55c\uae00.png": 1775913633.1665766,
  "public/assets/\uba54\uac00\ubc15\uc2a4_BI/02_PNG/\uba54\uac00\ubc15\uc2a4_BI_wordmark_\uc0c1\ud558\uc870\ud569.png": 1775913633.1675315,
  "public/assets/\uba54\uac00\ubc15\uc2a4_BI/02_PNG/\uba54\uac00\ubc15\uc2a4_BI_wordmark_with_slogan.png": 1775913633.167266,
  "public/assets/\uba54\uac00\ubc15\uc2a4_BI/02_PNG/\uba54\uac00\ubc15\uc2a4_BI_wordmark.png": 1775913633.1669302,
  "public/assets/\uba54\uac00\ubc15\uc2a4_BI/02_PNG/\uba54\uac00\ubc15\uc2a4_BI_wordmark_with_slogan_white.png": 1775913633.1674142,
  "public/assets/\uba54\uac00\ubc15\uc2a4_BI/02_PNG/\uba54\uac00\ubc15\uc2a4_BI_logotype_\ud55c\uae00_white.png": 1775913633.1667514,
  "public/assets/\uba54\uac00\ubc15\uc2a4_BI/03_SVG/\uba54\uac00\ubc15\uc2a4_BI_wordmark_\uc0c1\ud558\uc870\ud569.svg": 1775913633.1681366,
  "public/assets/\uba54\uac00\ubc15\uc2a4_BI/03_SVG/\uba54\uac00\ubc15\uc2a4_BI_logotype_\ud55c\uae00.svg": 1775913633.1677496,
  "public/assets/\uba54\uac00\ubc15\uc2a4_BI/03_SVG/\uba54\uac00\ubc15\uc2a4_BI_wordmark_\uc0c1\ud558\uc870\ud569_white.svg": 1775913633.1681936,
  "public/assets/\uba54\uac00\ubc15\uc2a4_BI/03_SVG/\uba54\uac00\ubc15\uc2a4_BI_wordmark_white.svg": 1775913633.1679213,
  "public/assets/\uba54\uac00\ubc15\uc2a4_BI/03_SVG/\uba54\uac00\ubc15\uc2a4_BI_logotype_\ud55c\uae00_white.svg": 1775913633.1678057,
  "public/assets/\uba54\uac00\ubc15\uc2a4_BI/03_SVG/\uba54\uac00\ubc15\uc2a4_BI_wordmark_with_slogan_white.svg": 1775913633.1680768,
  "public/assets/\uba54\uac00\ubc15\uc2a4_BI/03_SVG/\uba54\uac00\ubc15\uc2a4_BI_wordmark.svg": 1775913633.1678708,
  "public/assets/\uba54\uac00\ubc15\uc2a4_BI/03_SVG/\uba54\uac00\ubc15\uc2a4_BI_wordmark_with_slogan.svg": 1775913633.1679986
}